threshold,accuracy,balanced_accuracy,precision,recall,f1,roc_auc,average_precision,tn,fp,fn,tp
0.2,0.5826827537260468,0.7056963496861195,0.3859275053304904,0.9679144385026738,0.551829268292683,0.850654886460513,0.6647496639435024,459,576,12,362
0.21,0.5919091554293825,0.7111227363145521,0.39111592632719394,0.9652406417112299,0.5566692367000771,0.850654886460513,0.6647496639435024,473,562,13,361
0.22,0.603264726756565,0.7179983983053037,0.39779005524861877,0.9625668449197861,0.5629397967161845,0.850654886460513,0.6647496639435024,490,545,14,360
0.23,0.6103619588360539,0.7228293161796998,0.4022346368715084,0.9625668449197861,0.5673758865248227,0.850654886460513,0.6647496639435024,500,535,14,360
0.24,0.6202980837473385,0.7270311813790075,0.408,0.9545454545454546,0.5716573258606885,0.850654886460513,0.6647496639435024,517,518,17,357
0.25,0.6281050390347764,0.7314913844325609,0.41299303944315546,0.9518716577540107,0.5760517799352751,0.850654886460513,0.6647496639435024,529,506,18,356
0.26,0.6337828246983677,0.7319408922989485,0.4160756501182033,0.9411764705882353,0.5770491803278689,0.850654886460513,0.6647496639435024,541,494,22,352
0.27,0.6422995031937544,0.7377379937482239,0.42206235011990406,0.9411764705882353,0.5827814569536424,0.850654886460513,0.6647496639435024,553,482,22,352
0.28,0.6515259048970902,0.7423105737683743,0.4283965728274174,0.9358288770053476,0.5877413937867338,0.850654886460513,0.6647496639435024,568,467,24,350
0.29,0.6543647977288858,0.7416815210932859,0.42998760842627015,0.9278074866310161,0.5876375952582558,0.850654886460513,0.6647496639435024,575,460,27,347
0.3,0.6586231369765791,0.7437262652096412,0.4330413016270338,0.9251336898395722,0.5899403239556692,0.850654886460513,0.6647496639435024,582,453,28,346
0.31,0.6671398154719659,0.747815753442352,0.4393358876117497,0.9197860962566845,0.5946413137424373,0.850654886460513,0.6647496639435024,596,439,30,344
0.32,0.6721078779276083,0.7486359761295822,0.44285714285714284,0.9117647058823529,0.5961538461538461,0.850654886460513,0.6647496639435024,606,429,33,341
0.33,0.6763662171753017,0.748973107029373,0.44591029023746703,0.9037433155080213,0.5971731448763251,0.850654886460513,0.6647496639435024,615,420,36,338
0.34,0.6799148332150461,0.7488271461417242,0.4484605087014726,0.8957219251336899,0.5976806422836753,0.850654886460513,0.6647496639435024,623,412,39,335
0.35,0.6820440028388929,0.7485688082874784,0.45,0.8903743315508021,0.5978456014362658,0.850654886460513,0.6647496639435024,628,407,41,333
0.36,0.6933995741660752,0.7537368570616652,0.4596100278551532,0.8823529411764706,0.6043956043956044,0.850654886460513,0.6647496639435024,647,388,44,330
0.37,0.7026259758694109,0.7591632436900979,0.46799431009957326,0.8796791443850267,0.6109563602599815,0.850654886460513,0.6647496639435024,661,374,45,329
0.38,0.7097232079489,0.7605789351313648,0.4744525547445255,0.8689839572192514,0.6137865911237016,0.850654886460513,0.6647496639435024,675,360,49,325
0.39,0.7196593328601846,0.7664884135472371,0.484304932735426,0.8663101604278075,0.6212847555129435,0.850654886460513,0.6647496639435024,690,345,50,324
0.4,0.7239176721078779,0.7659717378387455,0.48854961832061067,0.8556149732620321,0.6219630709426628,0.850654886460513,0.6647496639435024,700,335,54,320
0.41,0.7288857345635202,0.7693533803508228,0.49382716049382713,0.8556149732620321,0.6262230919765166,0.850654886460513,0.6647496639435024,707,328,54,320
0.42,0.7317246273953159,0.7687243276757343,0.49686520376175547,0.8475935828877005,0.6264822134387352,0.850654886460513,0.6647496639435024,714,321,57,317
0.43,0.7374024130589071,0.7708814487586866,0.5031948881789138,0.8422459893048129,0.63,0.850654886460513,0.6647496639435024,724,311,59,315
0.44,0.7388218594748048,0.769286212508719,0.5048543689320388,0.8342245989304813,0.6290322580645161,0.850654886460513,0.6647496639435024,729,306,62,312
0.45,0.7430801987224982,0.770477150016792,0.5098684210526315,0.8288770053475936,0.6313645621181263,0.850654886460513,0.6647496639435024,737,298,64,310
0.46,0.7473385379701917,0.7691066677000181,0.5152027027027027,0.8155080213903744,0.6314699792960663,0.850654886460513,0.6647496639435024,748,287,69,305
0.47,0.7508871540099361,0.7698145134206515,0.5197255574614065,0.8101604278074866,0.6332288401253918,0.850654886460513,0.6647496639435024,755,280,71,303
0.48,0.7537260468417317,0.769185460745563,0.5235602094240838,0.8021390374331551,0.6335797254487856,0.850654886460513,0.6647496639435024,762,273,74,300
0.49,0.7565649396735273,0.7702640212870392,0.527336860670194,0.7994652406417112,0.6354941551540914,0.850654886460513,0.6647496639435024,767,268,75,299
0.5,0.7608232789212207,0.7723087654033945,0.5330948121645797,0.7967914438502673,0.6387995712754555,0.850654886460513,0.6647496639435024,774,261,76,298
0.51,0.7643718949609652,0.773016611124028,0.5381818181818182,0.7914438502673797,0.6406926406926406,0.850654886460513,0.6647496639435024,781,254,78,296
0.52,0.765791341376863,0.7714213748740604,0.540590405904059,0.7834224598930482,0.6397379912663755,0.850654886460513,0.6647496639435024,786,249,81,293
0.53,0.7665010645848119,0.7676354336200883,0.5423728813559322,0.7700534759358288,0.63646408839779,0.850654886460513,0.6647496639435024,792,243,86,288
0.54,0.7700496806245565,0.7674894727324395,0.5480769230769231,0.7620320855614974,0.6375838926174496,0.850654886460513,0.6647496639435024,800,235,89,285
0.55,0.7693399574166075,0.7610297346870236,0.5483234714003945,0.7433155080213903,0.6311010215664018,0.850654886460513,0.6647496639435024,806,229,96,278
0.56,0.7693399574166075,0.7567607016456122,0.5492957746478874,0.7299465240641712,0.6268656716417911,0.850654886460513,0.6647496639435024,811,224,101,273
0.57,0.772888573456352,0.7574685473662456,0.555327868852459,0.7245989304812834,0.62877030162413,0.850654886460513,0.6647496639435024,818,217,103,271
0.58,0.772888573456352,0.7523457077165516,0.5567226890756303,0.7085561497326203,0.6235294117647059,0.850654886460513,0.6647496639435024,824,211,109,265
0.59,0.7785663591199432,0.7536490221912218,0.5670995670995671,0.7005347593582888,0.6267942583732058,0.850654886460513,0.6647496639435024,835,200,112,262
0.6,0.7814052519517388,0.7513123562995685,0.5736607142857143,0.6871657754010695,0.6253041362530414,0.850654886460513,0.6647496639435024,844,191,117,257
0.61,0.7856635911994322,0.750795680591077,0.5829493087557603,0.6764705882352942,0.6262376237623762,0.850654886460513,0.6647496639435024,854,181,121,253
0.62,0.7863733144073811,0.7478635459453874,0.5858823529411765,0.6657754010695187,0.623279098873592,0.850654886460513,0.6647496639435024,859,176,125,249
0.63,0.78708303761533,0.7466390245162624,0.5880952380952381,0.660427807486631,0.6221662468513854,0.850654886460513,0.6647496639435024,862,173,127,247
0.64,0.7892122072391767,0.7455268800537342,0.5936739659367397,0.6524064171122995,0.621656050955414,0.850654886460513,0.6647496639435024,868,167,130,244
0.65,0.7899219304471257,0.743448552016327,0.5965346534653465,0.6443850267379679,0.6195372750642674,0.850654886460513,0.6647496639435024,872,163,133,241
0.66,0.7920511000709723,0.7406287943372343,0.6035805626598465,0.6310160427807486,0.6169934640522876,0.850654886460513,0.6647496639435024,880,155,138,236
0.67,0.7955997161107168,0.7379214136247385,0.6149732620320856,0.6149732620320856,0.6149732620320856,0.850654886460513,0.6647496639435024,891,144,144,230
0.68,0.7998580553584103,0.7374047379162468,0.6277777777777778,0.6042780748663101,0.6158038147138964,0.850654886460513,0.6647496639435024,901,134,148,226
0.69,0.8026969481902059,0.7342142654163115,0.6395348837209303,0.5882352941176471,0.6128133704735376,0.850654886460513,0.6647496639435024,911,124,154,220
0.7,0.8076650106458482,0.7341806814952595,0.6565349544072948,0.5775401069518716,0.6145092460881935,0.850654886460513,0.6647496639435024,922,113,158,216
0.71,0.8048261178140526,0.7237102482626779,0.65814696485623,0.5508021390374331,0.5997088791848617,0.850654886460513,0.6647496639435024,928,107,168,206
0.72,0.8055358410220014,0.7190705004004236,0.6666666666666666,0.5347593582887701,0.5934718100890207,0.850654886460513,0.6647496639435024,935,100,174,200
0.73,0.8105039034776437,0.7181831098710894,0.6890459363957597,0.5213903743315508,0.593607305936073,0.850654886460513,0.6647496639435024,947,88,179,195
0.74,0.8090844570617459,0.7078250536051047,0.6996197718631179,0.4919786096256685,0.5777080062794349,0.850654886460513,0.6647496639435024,956,79,190,184
0.75,0.8048261178140526,0.693827016972797,0.7037037037037037,0.4572192513368984,0.5542949756888168,0.850654886460513,0.6647496639435024,963,72,203,171
0.76,0.7998580553584103,0.6801996951613319,0.7035398230088495,0.42513368983957217,0.53,0.850654886460513,0.6647496639435024,968,67,215,159
0.77,0.7991483321504613,0.6728861505076339,0.7156398104265402,0.4037433155080214,0.5162393162393163,0.850654886460513,0.6647496639435024,975,60,223,151
0.78,0.7934705464868701,0.6579219303004469,0.7150259067357513,0.3689839572192513,0.48677248677248675,0.850654886460513,0.6647496639435024,980,55,236,138
0.79,0.794180269694819,0.6524283758299103,0.7359550561797753,0.3502673796791444,0.4746376811594203,0.850654886460513,0.6647496639435024,988,47,243,131
0.8,0.7877927608232789,0.6378348704435661,0.7300613496932515,0.3181818181818182,0.44320297951582865,0.850654886460513,0.6647496639435024,991,44,255,119
